{
  "cramped_room": {
    "sp_sp": {
      "mean": 207.2,
      "std": 9.6,
      "se": 1.92,
      "n": 25
    },
    "sp_hp": {
      "mean": 23.2,
      "std": 26.339324213046925,
      "se": 5.267864842609385,
      "n": 25
    },
    "sp_hp_swapped": {
      "mean": 35.2,
      "std": 27.874002224294955,
      "se": 5.574800444858991,
      "n": 25
    },
    "ppo_bc_hp": {
      "mean": 94.4,
      "std": 38.99538434225261,
      "se": 7.7990768684505225,
      "n": 25
    },
    "ppo_bc_hp_swapped": {
      "mean": 103.2,
      "std": 41.44586831036358,
      "se": 8.289173662072717,
      "n": 25
    },
    "bc_hp": {
      "mean": 70.4,
      "std": 22.712111306525426,
      "se": 4.542422261305085,
      "n": 25
    },
    "bc_hp_swapped": {
      "mean": 64.8,
      "std": 28.999310336626973,
      "se": 5.799862067325394,
      "n": 25
    }
  },
  "asymmetric_advantages": {
    "sp_sp": {
      "mean": 200.0,
      "std": 14.966629547095765,
      "se": 2.993325909419153,
      "n": 25
    },
    "sp_hp": {
      "mean": 212.0,
      "std": 16.0,
      "se": 3.2,
      "n": 25
    },
    "sp_hp_swapped": {
      "mean": 40.0,
      "std": 19.595917942265423,
      "se": 3.919183588453085,
      "n": 25
    },
    "ppo_bc_hp": {
      "mean": 224.0,
      "std": 35.32704346531139,
      "se": 7.065408693062278,
      "n": 25
    },
    "ppo_bc_hp_swapped": {
      "mean": 36.8,
      "std": 21.673947494630504,
      "se": 4.334789498926101,
      "n": 25
    },
    "bc_hp": {
      "mean": 66.4,
      "std": 37.40374312819507,
      "se": 7.480748625639014,
      "n": 25
    },
    "bc_hp_swapped": {
      "mean": 75.2,
      "std": 35.902089075707,
      "se": 7.180417815141401,
      "n": 25
    }
  },
  "coordination_ring": {
    "sp_sp": {
      "mean": 17.6,
      "std": 15.304901175767194,
      "se": 3.0609802351534388,
      "n": 25
    },
    "sp_hp": {
      "mean": 34.4,
      "std": 19.2,
      "se": 3.84,
      "n": 25
    },
    "sp_hp_swapped": {
      "mean": 29.6,
      "std": 18.863721796082555,
      "se": 3.772744359216511,
      "n": 25
    },
    "ppo_bc_hp": {
      "mean": 28.8,
      "std": 18.829763673503713,
      "se": 3.7659527347007424,
      "n": 25
    },
    "ppo_bc_hp_swapped": {
      "mean": 28.8,
      "std": 16.079800993793423,
      "se": 3.2159601987586846,
      "n": 25
    },
    "bc_hp": {
      "mean": 29.6,
      "std": 18.863721796082555,
      "se": 3.772744359216511,
      "n": 25
    },
    "bc_hp_swapped": {
      "mean": 32.8,
      "std": 23.24134247413432,
      "se": 4.648268494826864,
      "n": 25
    }
  },
  "forced_coordination": {
    "sp_sp": {
      "mean": 0.8,
      "std": 3.919183588453085,
      "se": 0.7838367176906169,
      "n": 25
    },
    "sp_hp": {
      "mean": 8.8,
      "std": 9.927738916792686,
      "se": 1.985547783358537,
      "n": 25
    },
    "sp_hp_swapped": {
      "mean": 0.0,
      "std": 0.0,
      "se": 0.0,
      "n": 25
    },
    "ppo_bc_hp": {
      "mean": 41.6,
      "std": 23.946607275353227,
      "se": 4.789321455070645,
      "n": 25
    },
    "ppo_bc_hp_swapped": {
      "mean": 0.0,
      "std": 0.0,
      "se": 0.0,
      "n": 25
    },
    "bc_hp": {
      "mean": 8.8,
      "std": 15.051910177781425,
      "se": 3.010382035556285,
      "n": 25
    },
    "bc_hp_swapped": {
      "mean": 9.6,
      "std": 11.48216007552586,
      "se": 2.296432015105172,
      "n": 25
    }
  },
  "counter_circuit": {
    "sp_sp": {
      "mean": 0.0,
      "std": 0.0,
      "se": 0.0,
      "n": 25
    },
    "sp_hp": {
      "mean": 0.0,
      "std": 0.0,
      "se": 0.0,
      "n": 25
    },
    "sp_hp_swapped": {
      "mean": 0.8,
      "std": 3.919183588453085,
      "se": 0.7838367176906169,
      "n": 25
    },
    "ppo_bc_hp": {
      "mean": 2.4,
      "std": 6.499230723708769,
      "se": 1.2998461447417538,
      "n": 25
    },
    "ppo_bc_hp_swapped": {
      "mean": 6.4,
      "std": 9.329523031752482,
      "se": 1.8659046063504963,
      "n": 25
    },
    "bc_hp": {
      "mean": 23.2,
      "std": 19.332873557751313,
      "se": 3.8665747115502627,
      "n": 25
    },
    "bc_hp_swapped": {
      "mean": 20.8,
      "std": 16.4730082255792,
      "se": 3.29460164511584,
      "n": 25
    }
  }
}