{
  "cramped_room": {
    "sp_sp": {
      "mean": 206.4,
      "std": 9.329523031752482,
      "se": 1.8659046063504963,
      "n": 25
    },
    "sp_hp": {
      "mean": 81.6,
      "std": 20.333224043422135,
      "se": 4.066644808684427,
      "n": 25
    },
    "sp_hp_swapped": {
      "mean": 88.0,
      "std": 37.094473981982816,
      "se": 7.418894796396563,
      "n": 25
    },
    "ppo_bc_hp": {
      "mean": 111.2,
      "std": 35.36325776848055,
      "se": 7.07265155369611,
      "n": 25
    },
    "ppo_bc_hp_swapped": {
      "mean": 114.4,
      "std": 34.650252524332345,
      "se": 6.930050504866469,
      "n": 25
    },
    "bc_hp": {
      "mean": 84.0,
      "std": 23.323807579381203,
      "se": 4.664761515876241,
      "n": 25
    },
    "bc_hp_swapped": {
      "mean": 74.4,
      "std": 24.992798962901293,
      "se": 4.9985597925802585,
      "n": 25
    },
    "ppo_gail_hp": {
      "mean": 148.8,
      "std": 21.967248348393568,
      "se": 4.393449669678714,
      "n": 25
    },
    "ppo_gail_hp_swapped": {
      "mean": 158.4,
      "std": 14.88086019019062,
      "se": 2.9761720380381242,
      "n": 25
    }
  },
  "asymmetric_advantages": {
    "sp_sp": {
      "mean": 239.2,
      "std": 6.881860213634102,
      "se": 1.3763720427268205,
      "n": 25
    },
    "sp_hp": {
      "mean": 246.4,
      "std": 10.910545357588685,
      "se": 2.182109071517737,
      "n": 25
    },
    "sp_hp_swapped": {
      "mean": 40.0,
      "std": 26.5329983228432,
      "se": 5.3065996645686395,
      "n": 25
    },
    "ppo_bc_hp": {
      "mean": 244.8,
      "std": 28.442222135409885,
      "se": 5.688444427081977,
      "n": 25
    },
    "ppo_bc_hp_swapped": {
      "mean": 39.2,
      "std": 26.217551373078305,
      "se": 5.2435102746156605,
      "n": 25
    },
    "bc_hp": {
      "mean": 72.0,
      "std": 36.22154055254967,
      "se": 7.244308110509934,
      "n": 25
    },
    "bc_hp_swapped": {
      "mean": 94.4,
      "std": 38.99538434225261,
      "se": 7.7990768684505225,
      "n": 25
    },
    "ppo_gail_hp": {
      "mean": 267.2,
      "std": 25.848791074245618,
      "se": 5.169758214849123,
      "n": 25
    },
    "ppo_gail_hp_swapped": {
      "mean": 33.6,
      "std": 19.365949499056327,
      "se": 3.8731898998112655,
      "n": 25
    }
  },
  "coordination_ring": {
    "sp_sp": {
      "mean": 0.0,
      "std": 0.0,
      "se": 0.0,
      "n": 25
    },
    "sp_hp": {
      "mean": 1.6,
      "std": 5.425863986500214,
      "se": 1.0851727973000427,
      "n": 25
    },
    "sp_hp_swapped": {
      "mean": 0.0,
      "std": 0.0,
      "se": 0.0,
      "n": 25
    },
    "ppo_bc_hp": {
      "mean": 0.0,
      "std": 0.0,
      "se": 0.0,
      "n": 25
    },
    "ppo_bc_hp_swapped": {
      "mean": 0.8,
      "std": 3.919183588453085,
      "se": 0.7838367176906169,
      "n": 25
    },
    "bc_hp": {
      "mean": 34.4,
      "std": 22.992172581119863,
      "se": 4.598434516223973,
      "n": 25
    },
    "bc_hp_swapped": {
      "mean": 38.4,
      "std": 25.87353860607397,
      "se": 5.174707721214794,
      "n": 25
    },
    "ppo_gail_hp": {
      "mean": 44.0,
      "std": 26.5329983228432,
      "se": 5.3065996645686395,
      "n": 25
    },
    "ppo_gail_hp_swapped": {
      "mean": 71.2,
      "std": 34.90787876683429,
      "se": 6.981575753366857,
      "n": 25
    }
  },
  "forced_coordination": {
    "sp_sp": {
      "mean": 0.0,
      "std": 0.0,
      "se": 0.0,
      "n": 25
    },
    "sp_hp": {
      "mean": 0.0,
      "std": 0.0,
      "se": 0.0,
      "n": 25
    },
    "sp_hp_swapped": {
      "mean": 0.0,
      "std": 0.0,
      "se": 0.0,
      "n": 25
    },
    "ppo_bc_hp": {
      "mean": 6.4,
      "std": 13.529227620230213,
      "se": 2.7058455240460426,
      "n": 25
    },
    "ppo_bc_hp_swapped": {
      "mean": 0.0,
      "std": 0.0,
      "se": 0.0,
      "n": 25
    },
    "bc_hp": {
      "mean": 10.4,
      "std": 15.094369811290566,
      "se": 3.0188739622581133,
      "n": 25
    },
    "bc_hp_swapped": {
      "mean": 11.2,
      "std": 15.051910177781423,
      "se": 3.0103820355562845,
      "n": 25
    },
    "ppo_gail_hp": {
      "mean": 12.0,
      "std": 16.97056274847714,
      "se": 3.3941125496954276,
      "n": 25
    },
    "ppo_gail_hp_swapped": {
      "mean": 0.8,
      "std": 3.919183588453085,
      "se": 0.7838367176906169,
      "n": 25
    }
  },
  "counter_circuit": {
    "sp_sp": {
      "mean": 0.0,
      "std": 0.0,
      "se": 0.0,
      "n": 25
    },
    "sp_hp": {
      "mean": 1.6,
      "std": 5.425863986500214,
      "se": 1.0851727973000427,
      "n": 25
    },
    "sp_hp_swapped": {
      "mean": 0.8,
      "std": 3.919183588453085,
      "se": 0.7838367176906169,
      "n": 25
    },
    "ppo_bc_hp": {
      "mean": 0.0,
      "std": 0.0,
      "se": 0.0,
      "n": 25
    },
    "ppo_bc_hp_swapped": {
      "mean": 0.8,
      "std": 3.919183588453085,
      "se": 0.7838367176906169,
      "n": 25
    },
    "bc_hp": {
      "mean": 18.4,
      "std": 17.81684596105607,
      "se": 3.5633691922112143,
      "n": 25
    },
    "bc_hp_swapped": {
      "mean": 12.0,
      "std": 13.856406460551018,
      "se": 2.7712812921102037,
      "n": 25
    },
    "ppo_gail_hp": {
      "mean": 6.4,
      "std": 12.289833196589774,
      "se": 2.457966639317955,
      "n": 25
    },
    "ppo_gail_hp_swapped": {
      "mean": 4.0,
      "std": 8.0,
      "se": 1.6,
      "n": 25
    }
  }
}