{
  "mean": 36.8,
  "std": 20.922714928995234,
  "se": 4.184542985799046
}