{
  "mean": 36.0,
  "std": 16.97056274847714,
  "se": 3.3941125496954276
}