{
  "cramped_room": {
    "sp_sp": {
      "mean": 216.0,
      "std": 9.797958971132712,
      "se": 1.9595917942265424,
      "n": 25
    },
    "sp_hp": {
      "mean": 34.4,
      "std": 33.236124924545585,
      "se": 6.647224984909117,
      "n": 25
    },
    "sp_hp_swapped": {
      "mean": 39.2,
      "std": 39.38730760029175,
      "se": 7.8774615200583495,
      "n": 25
    },
    "ppo_bc_hp": {
      "mean": 125.6,
      "std": 21.555509736491967,
      "se": 4.311101947298393,
      "n": 25
    },
    "ppo_bc_hp_swapped": {
      "mean": 124.8,
      "std": 22.112439937736404,
      "se": 4.422487987547281,
      "n": 25
    },
    "bc_hp": {
      "mean": 72.8,
      "std": 30.400000000000002,
      "se": 6.08,
      "n": 25
    },
    "bc_hp_swapped": {
      "mean": 68.0,
      "std": 28.844410203711913,
      "se": 5.768882040742382,
      "n": 25
    },
    "gail_hp": {
      "mean": 14.4,
      "std": 14.444376068214229,
      "se": 2.8888752136428457,
      "n": 25
    },
    "gail_hp_swapped": {
      "mean": 12.0,
      "std": 11.313708498984761,
      "se": 2.262741699796952,
      "n": 25
    },
    "ppo_gail_hp": {
      "mean": 150.4,
      "std": 18.863721796082555,
      "se": 3.772744359216511,
      "n": 25
    },
    "ppo_gail_hp_swapped": {
      "mean": 149.6,
      "std": 24.73539973398449,
      "se": 4.947079946796898,
      "n": 25
    }
  },
  "asymmetric_advantages": {
    "sp_sp": {
      "mean": 194.4,
      "std": 40.99560952102066,
      "se": 8.199121904204132,
      "n": 25
    },
    "sp_hp": {
      "mean": 200.8,
      "std": 51.99384578967015,
      "se": 10.39876915793403,
      "n": 25
    },
    "sp_hp_swapped": {
      "mean": 36.8,
      "std": 25.095019426172996,
      "se": 5.019003885234599,
      "n": 25
    },
    "ppo_bc_hp": {
      "mean": 204.0,
      "std": 25.92296279363144,
      "se": 5.184592558726289,
      "n": 25
    },
    "ppo_bc_hp_swapped": {
      "mean": 28.8,
      "std": 22.683915006012523,
      "se": 4.5367830012025046,
      "n": 25
    },
    "bc_hp": {
      "mean": 52.8,
      "std": 32.43701589234127,
      "se": 6.487403178468254,
      "n": 25
    },
    "bc_hp_swapped": {
      "mean": 74.4,
      "std": 35.56177723342859,
      "se": 7.112355446685719,
      "n": 25
    },
    "gail_hp": {
      "mean": 22.4,
      "std": 14.221111067704943,
      "se": 2.8442222135409887,
      "n": 25
    },
    "gail_hp_swapped": {
      "mean": 33.6,
      "std": 23.812601705819546,
      "se": 4.762520341163909,
      "n": 25
    },
    "ppo_gail_hp": {
      "mean": 266.4,
      "std": 18.521339044464362,
      "se": 3.7042678088928724,
      "n": 25
    },
    "ppo_gail_hp_swapped": {
      "mean": 38.4,
      "std": 30.94252736930195,
      "se": 6.18850547386039,
      "n": 25
    }
  },
  "coordination_ring": {
    "sp_sp": {
      "mean": 0.0,
      "std": 0.0,
      "se": 0.0,
      "n": 25
    },
    "sp_hp": {
      "mean": 0.8,
      "std": 3.919183588453085,
      "se": 0.7838367176906169,
      "n": 25
    },
    "sp_hp_swapped": {
      "mean": 0.0,
      "std": 0.0,
      "se": 0.0,
      "n": 25
    },
    "ppo_bc_hp": {
      "mean": 2.4,
      "std": 6.499230723708769,
      "se": 1.2998461447417538,
      "n": 25
    },
    "ppo_bc_hp_swapped": {
      "mean": 1.6,
      "std": 5.425863986500214,
      "se": 1.0851727973000427,
      "n": 25
    },
    "bc_hp": {
      "mean": 36.0,
      "std": 16.97056274847714,
      "se": 3.3941125496954276,
      "n": 25
    },
    "bc_hp_swapped": {
      "mean": 40.8,
      "std": 23.650792798551173,
      "se": 4.730158559710235,
      "n": 25
    },
    "gail_hp": {
      "mean": 1.6,
      "std": 5.425863986500214,
      "se": 1.0851727973000427,
      "n": 25
    },
    "gail_hp_swapped": {
      "mean": 0.8,
      "std": 3.919183588453085,
      "se": 0.7838367176906169,
      "n": 25
    },
    "ppo_gail_hp": {
      "mean": 73.6,
      "std": 38.66574711550263,
      "se": 7.733149423100526,
      "n": 25
    },
    "ppo_gail_hp_swapped": {
      "mean": 74.4,
      "std": 30.209932141598728,
      "se": 6.0419864283197455,
      "n": 25
    }
  },
  "forced_coordination": {
    "sp_sp": {
      "mean": 0.0,
      "std": 0.0,
      "se": 0.0,
      "n": 25
    },
    "sp_hp": {
      "mean": 0.0,
      "std": 0.0,
      "se": 0.0,
      "n": 25
    },
    "sp_hp_swapped": {
      "mean": 0.0,
      "std": 0.0,
      "se": 0.0,
      "n": 25
    },
    "ppo_bc_hp": {
      "mean": 3.2,
      "std": 7.332121111929345,
      "se": 1.466424222385869,
      "n": 25
    },
    "ppo_bc_hp_swapped": {
      "mean": 0.0,
      "std": 0.0,
      "se": 0.0,
      "n": 25
    },
    "bc_hp": {
      "mean": 10.4,
      "std": 13.994284547628721,
      "se": 2.7988569095257443,
      "n": 25
    },
    "bc_hp_swapped": {
      "mean": 9.6,
      "std": 13.994284547628721,
      "se": 2.7988569095257443,
      "n": 25
    },
    "gail_hp": {
      "mean": 0.0,
      "std": 0.0,
      "se": 0.0,
      "n": 25
    },
    "gail_hp_swapped": {
      "mean": 0.0,
      "std": 0.0,
      "se": 0.0,
      "n": 25
    },
    "ppo_gail_hp": {
      "mean": 10.4,
      "std": 12.8,
      "se": 2.56,
      "n": 25
    },
    "ppo_gail_hp_swapped": {
      "mean": 0.0,
      "std": 0.0,
      "se": 0.0,
      "n": 25
    }
  },
  "counter_circuit": {
    "sp_sp": {
      "mean": 0.0,
      "std": 0.0,
      "se": 0.0,
      "n": 25
    },
    "sp_hp": {
      "mean": 2.4,
      "std": 6.499230723708769,
      "se": 1.2998461447417538,
      "n": 25
    },
    "sp_hp_swapped": {
      "mean": 0.0,
      "std": 0.0,
      "se": 0.0,
      "n": 25
    },
    "ppo_bc_hp": {
      "mean": 0.0,
      "std": 0.0,
      "se": 0.0,
      "n": 25
    },
    "ppo_bc_hp_swapped": {
      "mean": 0.8,
      "std": 3.919183588453085,
      "se": 0.7838367176906169,
      "n": 25
    },
    "bc_hp": {
      "mean": 20.8,
      "std": 17.417232845661793,
      "se": 3.483446569132359,
      "n": 25
    },
    "bc_hp_swapped": {
      "mean": 23.2,
      "std": 15.67673435381234,
      "se": 3.1353468707624677,
      "n": 25
    },
    "gail_hp": {
      "mean": 0.0,
      "std": 0.0,
      "se": 0.0,
      "n": 25
    },
    "gail_hp_swapped": {
      "mean": 0.0,
      "std": 0.0,
      "se": 0.0,
      "n": 25
    },
    "ppo_gail_hp": {
      "mean": 8.0,
      "std": 14.966629547095765,
      "se": 2.993325909419153,
      "n": 25
    },
    "ppo_gail_hp_swapped": {
      "mean": 4.8,
      "std": 11.702991070662236,
      "se": 2.3405982141324473,
      "n": 25
    }
  }
}