{
  "mean": 48.0,
  "std": 39.59797974644666,
  "se": 7.919595949289333
}