{
  "mean": 70.4,
  "std": 29.99733321480428,
  "se": 5.999466642960856
}