{
  "cramped_room": {
    "bc_hp": {
      "mean": 70.4,
      "std": 27.782008566696543,
      "se": 5.556401713339309
    },
    "bc_hp_swapped": {
      "mean": 65.6,
      "std": 28.011426240018555,
      "se": 5.602285248003711
    }
  },
  "asymmetric_advantages": {
    "bc_hp": {
      "mean": 48.0,
      "std": 39.59797974644666,
      "se": 7.919595949289333
    },
    "bc_hp_swapped": {
      "mean": 70.4,
      "std": 29.99733321480428,
      "se": 5.999466642960856
    }
  },
  "coordination_ring": {
    "bc_hp": {
      "mean": 36.0,
      "std": 16.97056274847714,
      "se": 3.3941125496954276
    },
    "bc_hp_swapped": {
      "mean": 36.8,
      "std": 20.922714928995234,
      "se": 4.184542985799046
    }
  },
  "forced_coordination": {
    "bc_hp": {
      "mean": 12.8,
      "std": 14.837789592793126,
      "se": 2.967557918558625
    },
    "bc_hp_swapped": {
      "mean": 7.2,
      "std": 12.496399481450647,
      "se": 2.4992798962901293
    }
  },
  "counter_circuit": {
    "bc_hp": {
      "mean": 24.8,
      "std": 17.232527382830416,
      "se": 3.446505476566083
    },
    "bc_hp_swapped": {
      "mean": 18.4,
      "std": 16.894969665554303,
      "se": 3.3789939331108605
    }
  }
}