{
  "mean": 7.2,
  "std": 12.496399481450647,
  "se": 2.4992798962901293
}