{
  "mean": 12.8,
  "std": 14.837789592793126,
  "se": 2.967557918558625
}