{
  "asymmetric_advantages": {
    "sp_sp": {
      "mean": 237.6,
      "std": 10.307278981380101,
      "se": 2.0614557962760203,
      "n": 25
    },
    "sp_hp": {
      "mean": 245.6,
      "std": 12.026637102698325,
      "se": 2.405327420539665,
      "n": 25
    },
    "sp_hp_swapped": {
      "mean": 36.8,
      "std": 34.72405506273713,
      "se": 6.944811012547426,
      "n": 25
    },
    "ppo_bc_hp": {
      "mean": 243.2,
      "std": 25.095019426172996,
      "se": 5.019003885234599,
      "n": 25
    },
    "ppo_bc_hp_swapped": {
      "mean": 40.0,
      "std": 21.908902300206645,
      "se": 4.381780460041329,
      "n": 25
    },
    "bc_hp": {
      "mean": 60.8,
      "std": 35.991110013446374,
      "se": 7.198222002689275,
      "n": 25
    },
    "bc_hp_swapped": {
      "mean": 84.8,
      "std": 37.642529139259494,
      "se": 7.528505827851899,
      "n": 25
    },
    "gail_hp": {
      "mean": 13.6,
      "std": 15.717506163510802,
      "se": 3.1435012327021603,
      "n": 25
    },
    "gail_hp_swapped": {
      "mean": 39.2,
      "std": 22.96432015105172,
      "se": 4.592864030210344,
      "n": 25
    },
    "ppo_gail_hp": {
      "mean": 0,
      "std": 0,
      "se": 0,
      "n": 0
    },
    "ppo_gail_hp_swapped": {
      "mean": 0,
      "std": 0,
      "se": 0,
      "n": 0
    }
  }
}