{
  "cramped_room": {
    "sp_sp": {
      "mean": 209.6,
      "std": 9.991996797437437,
      "se": 1.9983993594874874,
      "n": 25
    },
    "sp_hp": {
      "mean": 80.0,
      "std": 26.5329983228432,
      "se": 5.3065996645686395,
      "n": 25
    },
    "sp_hp_swapped": {
      "mean": 82.4,
      "std": 30.630703550522636,
      "se": 6.1261407101045275,
      "n": 25
    },
    "ppo_bc_hp": {
      "mean": 120.8,
      "std": 19.1666376811375,
      "se": 3.8333275362275003,
      "n": 25
    },
    "ppo_bc_hp_swapped": {
      "mean": 132.0,
      "std": 22.627416997969522,
      "se": 4.525483399593904,
      "n": 25
    },
    "bc_hp": {
      "mean": 71.2,
      "std": 28.88875213642846,
      "se": 5.777750427285692,
      "n": 25
    },
    "bc_hp_swapped": {
      "mean": 68.8,
      "std": 25.97229292919668,
      "se": 5.194458585839336,
      "n": 25
    },
    "gail_hp": {
      "mean": 12.8,
      "std": 12.496399481450647,
      "se": 2.4992798962901293,
      "n": 25
    },
    "gail_hp_swapped": {
      "mean": 15.2,
      "std": 14.176036117335482,
      "se": 2.8352072234670964,
      "n": 25
    },
    "ppo_gail_hp": {
      "mean": 0,
      "std": 0,
      "se": 0,
      "n": 0
    },
    "ppo_gail_hp_swapped": {
      "mean": 0,
      "std": 0,
      "se": 0,
      "n": 0
    }
  }
}