{
  "coordination_ring": {
    "sp_sp": {
      "mean": 0.0,
      "std": 0.0,
      "se": 0.0,
      "n": 25
    },
    "sp_hp": {
      "mean": 0.0,
      "std": 0.0,
      "se": 0.0,
      "n": 25
    },
    "sp_hp_swapped": {
      "mean": 0.0,
      "std": 0.0,
      "se": 0.0,
      "n": 25
    },
    "ppo_bc_hp": {
      "mean": 2.4,
      "std": 6.499230723708769,
      "se": 1.2998461447417538,
      "n": 25
    },
    "ppo_bc_hp_swapped": {
      "mean": 0.0,
      "std": 0.0,
      "se": 0.0,
      "n": 25
    },
    "bc_hp": {
      "mean": 28.8,
      "std": 19.661129163911212,
      "se": 3.9322258327822426,
      "n": 25
    },
    "bc_hp_swapped": {
      "mean": 36.0,
      "std": 18.76166303929372,
      "se": 3.752332607858744,
      "n": 25
    },
    "gail_hp": {
      "mean": 4.0,
      "std": 8.0,
      "se": 1.6,
      "n": 25
    },
    "gail_hp_swapped": {
      "mean": 2.4,
      "std": 6.499230723708769,
      "se": 1.2998461447417538,
      "n": 25
    },
    "ppo_gail_hp": {
      "mean": 0,
      "std": 0,
      "se": 0,
      "n": 0
    },
    "ppo_gail_hp_swapped": {
      "mean": 0,
      "std": 0,
      "se": 0,
      "n": 0
    }
  }
}