{
  "counter_circuit": {
    "sp_sp": {
      "mean": 0.0,
      "std": 0.0,
      "se": 0.0,
      "n": 25
    },
    "sp_hp": {
      "mean": 0.8,
      "std": 3.919183588453085,
      "se": 0.7838367176906169,
      "n": 25
    },
    "sp_hp_swapped": {
      "mean": 0.0,
      "std": 0.0,
      "se": 0.0,
      "n": 25
    },
    "ppo_bc_hp": {
      "mean": 1.6,
      "std": 5.425863986500214,
      "se": 1.0851727973000427,
      "n": 25
    },
    "ppo_bc_hp_swapped": {
      "mean": 0.0,
      "std": 0.0,
      "se": 0.0,
      "n": 25
    },
    "bc_hp": {
      "mean": 17.6,
      "std": 13.047605144240073,
      "se": 2.6095210288480146,
      "n": 25
    },
    "bc_hp_swapped": {
      "mean": 17.6,
      "std": 13.047605144240073,
      "se": 2.6095210288480146,
      "n": 25
    },
    "gail_hp": {
      "mean": 0.0,
      "std": 0.0,
      "se": 0.0,
      "n": 25
    },
    "gail_hp_swapped": {
      "mean": 0.0,
      "std": 0.0,
      "se": 0.0,
      "n": 25
    },
    "ppo_gail_hp": {
      "mean": 0,
      "std": 0,
      "se": 0,
      "n": 0
    },
    "ppo_gail_hp_swapped": {
      "mean": 0,
      "std": 0,
      "se": 0,
      "n": 0
    }
  }
}