{
  "asymmetric_advantages": {
    "sp_sp": {
      "mean": 237.6,
      "std": 10.307278981380101,
      "se": 2.0614557962760203,
      "n": 25
    },
    "sp_hp": {
      "mean": 245.6,
      "std": 12.026637102698325,
      "se": 2.405327420539665,
      "n": 25
    },
    "sp_hp_swapped": {
      "mean": 36.8,
      "std": 34.72405506273713,
      "se": 6.944811012547426,
      "n": 25
    },
    "ppo_bc_hp": {
      "mean": 243.2,
      "std": 25.095019426172996,
      "se": 5.019003885234599,
      "n": 25
    },
    "ppo_bc_hp_swapped": {
      "mean": 40.0,
      "std": 21.908902300206645,
      "se": 4.381780460041329,
      "n": 25
    },
    "bc_hp": {
      "mean": 60.8,
      "std": 35.991110013446374,
      "se": 7.198222002689275,
      "n": 25
    },
    "bc_hp_swapped": {
      "mean": 84.8,
      "std": 37.642529139259494,
      "se": 7.528505827851899,
      "n": 25
    },
    "gail_hp": {
      "mean": 13.6,
      "std": 15.717506163510802,
      "se": 3.1435012327021603,
      "n": 25
    },
    "gail_hp_swapped": {
      "mean": 39.2,
      "std": 22.96432015105172,
      "se": 4.592864030210344,
      "n": 25
    },
    "ppo_gail_hp": {
      "mean": 0,
      "std": 0,
      "se": 0,
      "n": 0
    },
    "ppo_gail_hp_swapped": {
      "mean": 0,
      "std": 0,
      "se": 0,
      "n": 0
    }
  },
  "coordination_ring": {
    "sp_sp": {
      "mean": 0.0,
      "std": 0.0,
      "se": 0.0,
      "n": 25
    },
    "sp_hp": {
      "mean": 0.0,
      "std": 0.0,
      "se": 0.0,
      "n": 25
    },
    "sp_hp_swapped": {
      "mean": 0.0,
      "std": 0.0,
      "se": 0.0,
      "n": 25
    },
    "ppo_bc_hp": {
      "mean": 2.4,
      "std": 6.499230723708769,
      "se": 1.2998461447417538,
      "n": 25
    },
    "ppo_bc_hp_swapped": {
      "mean": 0.0,
      "std": 0.0,
      "se": 0.0,
      "n": 25
    },
    "bc_hp": {
      "mean": 28.8,
      "std": 19.661129163911212,
      "se": 3.9322258327822426,
      "n": 25
    },
    "bc_hp_swapped": {
      "mean": 36.0,
      "std": 18.76166303929372,
      "se": 3.752332607858744,
      "n": 25
    },
    "gail_hp": {
      "mean": 4.0,
      "std": 8.0,
      "se": 1.6,
      "n": 25
    },
    "gail_hp_swapped": {
      "mean": 2.4,
      "std": 6.499230723708769,
      "se": 1.2998461447417538,
      "n": 25
    },
    "ppo_gail_hp": {
      "mean": 0,
      "std": 0,
      "se": 0,
      "n": 0
    },
    "ppo_gail_hp_swapped": {
      "mean": 0,
      "std": 0,
      "se": 0,
      "n": 0
    }
  },
  "counter_circuit": {
    "sp_sp": {
      "mean": 0.0,
      "std": 0.0,
      "se": 0.0,
      "n": 25
    },
    "sp_hp": {
      "mean": 0.8,
      "std": 3.919183588453085,
      "se": 0.7838367176906169,
      "n": 25
    },
    "sp_hp_swapped": {
      "mean": 0.0,
      "std": 0.0,
      "se": 0.0,
      "n": 25
    },
    "ppo_bc_hp": {
      "mean": 1.6,
      "std": 5.425863986500214,
      "se": 1.0851727973000427,
      "n": 25
    },
    "ppo_bc_hp_swapped": {
      "mean": 0.0,
      "std": 0.0,
      "se": 0.0,
      "n": 25
    },
    "bc_hp": {
      "mean": 17.6,
      "std": 13.047605144240073,
      "se": 2.6095210288480146,
      "n": 25
    },
    "bc_hp_swapped": {
      "mean": 17.6,
      "std": 13.047605144240073,
      "se": 2.6095210288480146,
      "n": 25
    },
    "gail_hp": {
      "mean": 0.0,
      "std": 0.0,
      "se": 0.0,
      "n": 25
    },
    "gail_hp_swapped": {
      "mean": 0.0,
      "std": 0.0,
      "se": 0.0,
      "n": 25
    },
    "ppo_gail_hp": {
      "mean": 0,
      "std": 0,
      "se": 0,
      "n": 0
    },
    "ppo_gail_hp_swapped": {
      "mean": 0,
      "std": 0,
      "se": 0,
      "n": 0
    }
  },
  "cramped_room": {
    "sp_sp": {
      "mean": 209.6,
      "std": 9.991996797437437,
      "se": 1.9983993594874874,
      "n": 25
    },
    "sp_hp": {
      "mean": 80.0,
      "std": 26.5329983228432,
      "se": 5.3065996645686395,
      "n": 25
    },
    "sp_hp_swapped": {
      "mean": 82.4,
      "std": 30.630703550522636,
      "se": 6.1261407101045275,
      "n": 25
    },
    "ppo_bc_hp": {
      "mean": 120.8,
      "std": 19.1666376811375,
      "se": 3.8333275362275003,
      "n": 25
    },
    "ppo_bc_hp_swapped": {
      "mean": 132.0,
      "std": 22.627416997969522,
      "se": 4.525483399593904,
      "n": 25
    },
    "bc_hp": {
      "mean": 71.2,
      "std": 28.88875213642846,
      "se": 5.777750427285692,
      "n": 25
    },
    "bc_hp_swapped": {
      "mean": 68.8,
      "std": 25.97229292919668,
      "se": 5.194458585839336,
      "n": 25
    },
    "gail_hp": {
      "mean": 12.8,
      "std": 12.496399481450647,
      "se": 2.4992798962901293,
      "n": 25
    },
    "gail_hp_swapped": {
      "mean": 15.2,
      "std": 14.176036117335482,
      "se": 2.8352072234670964,
      "n": 25
    },
    "ppo_gail_hp": {
      "mean": 0,
      "std": 0,
      "se": 0,
      "n": 0
    },
    "ppo_gail_hp_swapped": {
      "mean": 0,
      "std": 0,
      "se": 0,
      "n": 0
    }
  },
  "forced_coordination": {
    "sp_sp": {
      "mean": 0.0,
      "std": 0.0,
      "se": 0.0,
      "n": 25
    },
    "sp_hp": {
      "mean": 0.0,
      "std": 0.0,
      "se": 0.0,
      "n": 25
    },
    "sp_hp_swapped": {
      "mean": 0.0,
      "std": 0.0,
      "se": 0.0,
      "n": 25
    },
    "ppo_bc_hp": {
      "mean": 8.0,
      "std": 14.966629547095765,
      "se": 2.993325909419153,
      "n": 25
    },
    "ppo_bc_hp_swapped": {
      "mean": 2.4,
      "std": 6.499230723708769,
      "se": 1.2998461447417538,
      "n": 25
    },
    "bc_hp": {
      "mean": 12.0,
      "std": 16.0,
      "se": 3.2,
      "n": 25
    },
    "bc_hp_swapped": {
      "mean": 7.2,
      "std": 9.600000000000001,
      "se": 1.9200000000000004,
      "n": 25
    },
    "gail_hp": {
      "mean": 0.0,
      "std": 0.0,
      "se": 0.0,
      "n": 25
    },
    "gail_hp_swapped": {
      "mean": 0.0,
      "std": 0.0,
      "se": 0.0,
      "n": 25
    },
    "ppo_gail_hp": {
      "mean": 0,
      "std": 0,
      "se": 0,
      "n": 0
    },
    "ppo_gail_hp_swapped": {
      "mean": 0,
      "std": 0,
      "se": 0,
      "n": 0
    }
  }
}