{
  "mean": 65.6,
  "std": 28.011426240018555,
  "se": 5.602285248003711
}