{
  "mean": 70.4,
  "std": 27.782008566696543,
  "se": 5.556401713339309
}