{
  "mean": 18.4,
  "std": 16.894969665554303,
  "se": 3.3789939331108605
}