{
  "mean": 24.8,
  "std": 17.232527382830416,
  "se": 3.446505476566083
}